  url,id,photo,title,rating_number,rating_text,reviews_count,avg_text,type,cuisines,tags
https://www.restoclub.ru/msk/place/shenonso,32687,https://cdn.images.restoclub.ru/uploads/place_thumbnail_big/f/0/e/a/f0ea5a0baca982d506b6e5330086c657.jpg,Шенонсо,0.0,Мало отзывов,1,5000,Банкетный зал,смешанная,
https://www.restoclub.ru/msk/place/dom-u-ozera,39870,https://cdn.images.restoclub.ru/uploads/place_thumbnail_big/c/1/f/5/c1f55c10a6b1ba826c16a3380f7ad263.jpg,Дом у озера,10,Идеально,2,3000,Банкетный зал,"европейская,смешанная","за городом,ресторан у воды"
https://www.restoclub.ru/msk/place/izmajlovo,46677,https://cdn.images.restoclub.ru/uploads/place_thumbnail_big/e/f/3/4/ef34da1526b69b2c1d87662df3c4beff.jpg,Измайлово,0.0,Мало отзывов,Добавить,3000,Банкетный зал,"русская,европейская","при отеле,парковка"
https://www.restoclub.ru/msk/place/bamboo-bar-1,37884,https://cdn.images.restoclub.ru/uploads/place_thumbnail_big/7/f/f/1/7ff18fc1f31cf80a3d1c1c078e0b3016.jpg,Bamboo.Bar,9.8,Идеально,43,3700,Ресторан,"азиатская,европейская,рыба и морепродукты,суши,пицца,японская","детское меню,завтрак,парковка"
https://www.restoclub.ru/msk/place/akademija-grilja-weber,45350,https://cdn.images.restoclub.ru/uploads/place_thumbnail_big/1/5/3/9/15396aef62f807136f4901d3d0369db9.jpg,Академия гриля Weber,0.0,Мало отзывов,1,5000,Кулинарная студия,,заказ кейтеринга
https://www.restoclub.ru/msk/place/yoko-1,38374,https://cdn.images.restoclub.ru/uploads/place_thumbnail_big/3/d/3/f/3d3f6629dabc406d9ce3d4ea586d5262.jpg,Yoko,0.0,Мало отзывов,Добавить,3000,Ресторан,"азиатская,японская,суши","доставка,парковка"
https://www.restoclub.ru/msk/place/dom-u-lesa,47053,https://cdn.images.restoclub.ru/uploads/place_thumbnail_big/8/d/0/4/8d04bd471818b1783c5ac7deeb919590.jpg,Дом у леса,9.8,Идеально,4,3000,Банкетный зал,европейская,"при отеле,панорамный вид,парковка"
https://www.restoclub.ru/msk/place/golden-palace,42223,https://cdn.images.restoclub.ru/uploads/place_thumbnail_big/6/c/7/b/6c7b78f1860c95af069891fb3bc5b122.jpg,Golden Palace,0.0,Мало отзывов,Добавить,5000,Банкетный зал,"европейская,кавказская,смешанная,русская",парковка
https://www.restoclub.ru/msk/place/vitrina,46444,https://cdn.images.restoclub.ru/uploads/place_thumbnail_big/6/b/a/1/6ba1626fafffeef9808d2e15d2f2c40e.jpg,Витрина,0.0,Мало отзывов,Добавить,5000,Лофт,коктейли,"можно со своей едой,парковка"
https://www.restoclub.ru/msk/place/banka-1,46441,https://cdn.images.restoclub.ru/uploads/place_thumbnail_big/e/d/b/b/edbbd5e17d6adc65c3498bde5f769c42.jpg,Банка,0.0,Мало отзывов,Добавить,5000,Лофт,коктейли,можно со своей едой
https://www.restoclub.ru/msk/place/prime-hall,43713,https://cdn.images.restoclub.ru/uploads/place_thumbnail_big/0/5/c/3/05c3fbab58fda7adf636cbad36d0c5bf.jpg,Prime Hall,0.0,Мало отзывов,Добавить,4000,Банкетный зал,"европейская,кавказская,армянская,восточная","при отеле,детское меню,живая музыка,парковка"
https://www.restoclub.ru/msk/place/na-tverskoj,47456,https://cdn.images.restoclub.ru/uploads/place_thumbnail_big/b/1/a/c/b1ac23c87a734dc7d730bfc29a578805.jpg,Банкетный комплекс на Тверской,9.7,Идеально,1,3000,Банкетный зал,европейская,кальян
https://www.restoclub.ru/msk/place/mollusca-2,46426,https://cdn.images.restoclub.ru/uploads/place_thumbnail_big/9/1/7/d/917d934e9a653a6a2cdea8be81947bcd.jpg,Mollusca,0.0,Мало отзывов,Добавить,3000,Ресторан,"европейская,итальянская,азиатская",
https://www.restoclub.ru/msk/place/artest,47221,https://cdn.images.restoclub.ru/uploads/place_thumbnail_big/3/4/9/e/349ef6c5670cfa173834b8ae908a0497.jpg,Artest,0.0,Мало отзывов,Добавить,4000,Ресторан,авторская,"звезда Michelin,камин"
https://www.restoclub.ru/msk/place/gjes-2,48573,https://cdn.images.restoclub.ru/uploads/place/7/1/7/0/717021a196c47288eb159f69e09398d4_w958_h835--big.jpg,ГЭС-2,0.0,Мало отзывов,Добавить,3200,Ресторан,"европейская,авторская",
https://www.restoclub.ru/msk/place/peach,48575,https://cdn.images.restoclub.ru/uploads/place/e/a/3/4/ea34208070dd304f5e3bca5ebe8dcbec_w958_h835--big.jpg,Peach,0.0,Мало отзывов,Добавить,3500,Ресторан,"средиземноморская,европейская,рыба и морепродукты,устрицы",
https://www.restoclub.ru/msk/place/roxbury-1,48545,https://cdn.images.restoclub.ru/uploads/place/3/e/2/a/3e2aab5654235cec07a7a3f4c5aa8d91_w958_h835--big.jpg,Roxbury,0.0,Мало отзывов,1,3000,Клуб,"европейская,суши","караоке,живая музыка,шоу-программа,dj,стриптиз"
https://www.restoclub.ru/msk/place/niki,47363,https://cdn.images.restoclub.ru/uploads/place_thumbnail_big/5/2/6/8/5268e57f10c948b3ab46999246db688d.jpg,Niki,0.0,Мало отзывов,1,3300,Ресторан,"русская,европейская",
https://www.restoclub.ru/msk/place/krasota,46189,https://cdn.images.restoclub.ru/uploads/place_thumbnail_big/9/e/6/2/9e62c8f7ac92abee6f11da12eaf32b32.jpg,Krasota,0.0,Мало отзывов,Добавить,16500,Ресторан,авторская,
https://www.restoclub.ru/msk/place/hunters-mens-club,47277,,Hunters Men's Club,0.0,Мало отзывов,Добавить,3300,Клуб,"европейская,итальянская,азиатская,пицца","караоке,dj"
https://www.restoclub.ru/msk/place/first-class-lounge,47288,https://cdn.images.restoclub.ru/uploads/place_thumbnail_big/5/8/b/c/58bcbdca6012548cb09f2b46cb5c52b4.jpg,First Class Lounge,0.0,Мало отзывов,Добавить,3800,Лаунж,закуски,кальян
https://www.restoclub.ru/msk/place/birds,44996,https://cdn.images.restoclub.ru/uploads/place_thumbnail_big/2/a/f/5/2af578de3929ef4f86372a3b1e421719.jpg,Birds,4.8,Посредственно,2,3500,Ресторан,"европейская,азиатская,рыба и морепродукты,суши",панорамный вид
https://www.restoclub.ru/msk/place/taezhnyj-1,48510,https://cdn.images.restoclub.ru/uploads/place/2/2/c/8/22c8ff7f8b657844cc002b3f87b2f46c_w958_h835--big.jpg,Таежный,0.0,Мало отзывов,Добавить,3200,Банкетный зал,европейская,"при отеле,за городом,парковка"
https://www.restoclub.ru/msk/place/teleskop-1,46443,https://cdn.images.restoclub.ru/uploads/place_thumbnail_big/f/f/6/c/ff6cf3d4302821799fe9295c5a82ae43.jpg,Телескоп,0.0,Мало отзывов,Добавить,5000,Лофт,"коктейли,бургеры,стейки,шашлыки","можно со своей едой,панорамный вид,парковка"
https://www.restoclub.ru/msk/place/touch-group-catering,48005,https://cdn.images.restoclub.ru/uploads/place_thumbnail_big/e/9/9/9/e999ad956491645e05645905c61c3cfc.jpg,Touch Group Catering,0.0,Мало отзывов,Добавить,3000,Кейтеринг,авторская,заказ кейтеринга
https://www.restoclub.ru/msk/place/struktura-loft,48191,https://cdn.images.restoclub.ru/uploads/place_thumbnail_big/4/e/7/2/4e72fed2dc4d6a3d97c4093e296a6cf9.jpg,Структура лофт,0.0,Мало отзывов,Добавить,3000,Лофт,,можно со своей едой
https://www.restoclub.ru/msk/place/soglasie-hall,39279,https://cdn.images.restoclub.ru/uploads/place_thumbnail_big/3/c/d/c/3cdc89f747d6f22eca39bd2296f21852.jpg,Согласие Hall,0.0,Мало отзывов,Добавить,4000,Банкетный зал,"европейская,смешанная",
https://www.restoclub.ru/msk/place/republic-hall,38277,https://cdn.images.restoclub.ru/uploads/place_thumbnail_big/f/d/a/b/fdab92f615052bed5295d8139c4dabc7.jpg,Republic hall,0.0,Мало отзывов,1,3500,Банкетный зал,"европейская,смешанная","караоке,парковка"
https://www.restoclub.ru/msk/place/pro-platforma,46918,https://cdn.images.restoclub.ru/uploads/place_thumbnail_big/6/0/2/a/602a0309da47ab83e6afa6af21e687d5.jpg,Pro Platforma,0.0,Мало отзывов,Добавить,3500,Банкетный зал,европейская,парковка
https://www.restoclub.ru/msk/place/prazdnik-vkusa,39913,,Праздник вкуса,0.0,Мало отзывов,Добавить,4200,Кейтеринг,смешанная,заказ кейтеринга
https://www.restoclub.ru/msk/place/premer,43237,https://cdn.images.restoclub.ru/uploads/place_thumbnail_big/a/a/0/c/aa0c2baf638da75bb0dcb03522589212.jpg,Премьер,0.0,Мало отзывов,Добавить,3000,Ресторан,"европейская,азиатская,стейки,рыба и морепродукты","при отеле,детское меню,парковка"
https://www.restoclub.ru/msk/place/romanov-cigar-lounge,47272,https://cdn.images.restoclub.ru/uploads/place_thumbnail_big/7/d/4/8/7d48e6c63f5e48224fc70bd92c9cfa05.jpg,Romanov Cigar Lounge,0.0,Мало отзывов,Добавить,6100,Лаунж,"европейская,пицца,стейки,итальянская",
https://www.restoclub.ru/msk/place/porto-maltese-3,30718,https://cdn.images.restoclub.ru/uploads/place_thumbnail_big/9/e/c/3/9ec389c9e5c626db7fd8ccc92c3f656f.jpg,Porto Maltese,0.0,Мало отзывов,1,3000,Ресторан,"средиземноморская,рыба и морепродукты,итальянская,вегетарианские блюда","бизнес-ланч,спортивные трансляции"
https://www.restoclub.ru/msk/place/organika-siberian-luxury-bar,48464,https://cdn.images.restoclub.ru/uploads/place/0/9/5/8/09582300d3fd08ce67b2380384a39981_w958_h835--big.jpg,Organika Siberian Luxury Bar,0.0,Мало отзывов,Добавить,4000,Бар,"европейская,рыба и морепродукты,русская","еда навынос,доставка"
https://www.restoclub.ru/msk/place/mjata-signature-vinokurova,47567,https://cdn.images.restoclub.ru/uploads/place_thumbnail_big/a/2/6/3/a263beeb842b17266ab68436d374be32.jpg,Мята Signature Винокурова,0.0,Мало отзывов,Добавить,3000,Кальянная,"европейская,восточная,американская","живая музыка,кальян,спортивные трансляции,настольные игры,доставка"
https://www.restoclub.ru/msk/place/ovo-by-carlo-cracco,38123,https://cdn.images.restoclub.ru/uploads/place_thumbnail_big/8/a/0/d/8a0d364c9867d5b47626907a9af501cf.jpg,Ovo by Carlo Cracco,0.0,Мало отзывов,Добавить,3950,Ресторан,"итальянская,европейская",бизнес-ланч
https://www.restoclub.ru/msk/place/mario-3,37582,https://cdn.images.restoclub.ru/uploads/place_thumbnail_big/1/e/b/6/1eb6819d05be3037c4e5bfc8fab73c4d.jpg,Марио,0.0,Мало отзывов,1,3000,Ресторан,"европейская,итальянская","за городом,детская комната,живая музыка,шоу-программа,кальян"
https://www.restoclub.ru/msk/place/nju-jork-stejkhaus,37979,https://cdn.images.restoclub.ru/uploads/place_thumbnail_big/7/d/1/f/7d1fb32871fa52250a847c693eef1eb7.jpg,Нью-Йорк Стейкхаус,0.0,Мало отзывов,Добавить,3000,Стейк-хаус,"европейская,стейки,американская","при отеле,бизнес-ланч,завтрак"
https://www.restoclub.ru/msk/place/marea-1,39478,https://cdn.images.restoclub.ru/uploads/place_thumbnail_big/5/0/1/c/501c0bc799cdcff21dd9e7535431fd5f.jpg,Marea,0.0,Мало отзывов,1,3300,Ресторан,"европейская,рыба и морепродукты,крабы,устрицы",парковка
https://www.restoclub.ru/msk/place/banketnye-zaly-otelja-moskva-marriott,37980,https://cdn.images.restoclub.ru/uploads/place_thumbnail_big/b/1/1/2/b112fecedb4c056538a039b586fbc36f.jpg,«Москва Марриотт»,0.0,Мало отзывов,Добавить,4500,Банкетный зал,"европейская,русская,сладости","при отеле,бизнес-ланч,завтрак,парковка"
https://www.restoclub.ru/msk/place/lila-1,48441,https://cdn.images.restoclub.ru/uploads/place/2/9/9/3/2993c84cfd2d9915d91559210b64707e_w958_h835--big.jpg,Lila,0.0,Мало отзывов,Добавить,6000,Ресторан,"авторская,десерты",
https://www.restoclub.ru/msk/place/levels-lounge-bar,47759,https://cdn.images.restoclub.ru/uploads/place_thumbnail_big/8/9/9/8/8998bbd214d5addb3e1a3bb1d3085591.jpg,Levels Lounge Bar,0.0,Мало отзывов,Добавить,4000,Лофт,,"dj,кальян"
https://www.restoclub.ru/msk/place/la-colline-1,38808,https://cdn.images.restoclub.ru/uploads/place_thumbnail_big/3/e/d/6/3ed69dafd3008996fd0388899167139b.jpg,La colline,0.0,Мало отзывов,Добавить,3000,Ресторан,французская,"доставка,парковка"
https://www.restoclub.ru/msk/place/live-kitchen,42128,https://cdn.images.restoclub.ru/uploads/place_thumbnail_big/8/c/a/9/8ca97fe65af1750998efb6bb9f0ac3e2.jpg,Live Kitchen,0.0,Мало отзывов,Добавить,3000,Кулинарная студия,"смешанная,европейская","детские мастер-классы,кулинарные мастер-классы"
https://www.restoclub.ru/msk/place/kulinarnaja-studija-julii-vysockoj,39393,https://cdn.images.restoclub.ru/uploads/place_thumbnail_big/7/e/c/7/7ec78eb76f278e16d2481031d7079133.jpg,Кулинарная студия Юлии Высоцкой,0.0,Мало отзывов,Добавить,4000,Кулинарная студия,"смешанная,торты на заказ,авторская",парковка
https://www.restoclub.ru/msk/place/kulinarnaja-studija-julii-vysockoj-3,42082,https://cdn.images.restoclub.ru/uploads/place_thumbnail_big/b/b/c/e/bbcee089237a5e30cdecb291b4d2e060.jpg,Кулинарная студия Юлии Высоцкой,0.0,Мало отзывов,Добавить,5000,Кулинарная студия,"смешанная,торты на заказ,авторская",парковка
https://www.restoclub.ru/msk/place/kulinarnaja-studija-julii-vysockoj-2,42081,https://cdn.images.restoclub.ru/uploads/place_thumbnail_big/e/d/a/2/eda25cf5a23135ab092abc57a2edc242.jpg,Кулинарная студия Юлии Высоцкой,0.0,Мало отзывов,Добавить,5000,Кулинарная студия,"смешанная,торты на заказ,авторская",парковка
https://www.restoclub.ru/msk/place/kristofer,46369,https://cdn.images.restoclub.ru/uploads/place_thumbnail_big/d/a/a/1/daa1d5a6b2b2486c337d773e5974be84.jpg,Кристофер,0.0,Мало отзывов,Добавить,3300,Лофт,,
https://www.restoclub.ru/msk/place/konferenc-zal-loft-by-volga,46515,https://cdn.images.restoclub.ru/uploads/place_thumbnail_big/a/5/8/3/a5832f5ffcebcfa09c46622d4c1cd113.jpg,Конференц-зал & Лофт by Volga,0.0,Мало отзывов,Добавить,5000,Лофт,,"при отеле,доставка,камин,парковка"
https://www.restoclub.ru/msk/place/clever,39148,https://cdn.images.restoclub.ru/uploads/place_thumbnail_big/b/3/0/a/b30a485cfab57866f2796b7cb04ffd3d.jpg,Clever,0.0,Мало отзывов,Добавить,4000,Кулинарная студия,смешанная,
https://www.restoclub.ru/msk/place/kodo,40758,https://cdn.images.restoclub.ru/uploads/place_thumbnail_big/c/0/f/0/c0f0b116f4143b60254104bf79b4a84e.jpg,Kodo,0.0,Мало отзывов,Добавить,3500,Ресторан,японская,парковка
https://www.restoclub.ru/msk/place/kardinal-1,34449,https://cdn.images.restoclub.ru/uploads/place_thumbnail_big/8/9/2/0/8920eb01b5fe64eac45334cae07f59e9.jpg,Кардинал,0.0,Мало отзывов,1,3000,Банкетный зал,"европейская,кавказская,восточная",
https://www.restoclub.ru/msk/place/city-voice,41822,https://cdn.images.restoclub.ru/uploads/place_thumbnail_big/5/2/3/f/523fd9e58fd1dab14aab7b783657ab01.jpg,City Voice,9.8,Идеально,34,3000,Ресторан,"азиатская,десерты,суши,торты на заказ,японская","караоке,живая музыка,бизнес-ланч,кальян,спортивные трансляции"
https://www.restoclub.ru/msk/place/quadrum,40045,https://cdn.images.restoclub.ru/uploads/place_thumbnail_big/e/8/d/e/e8de9fbf8abf1522ffc083475517aecf.jpg,Quadrum,0.0,Мало отзывов,Добавить,3000,Ресторан,итальянская,"при отеле,парковка"
https://www.restoclub.ru/msk/place/indrik,47037,https://cdn.images.restoclub.ru/uploads/place_thumbnail_big/6/d/6/6/6d666ab9db73e95f3651e13d3e597347.jpg,Indrik,0.0,Мало отзывов,Добавить,3000,Ресторан,"европейская,русская,блюда из дичи",детское меню
https://www.restoclub.ru/msk/place/pavilion,47338,https://cdn.images.restoclub.ru/uploads/place_thumbnail_big/3/0/a/d/30ad0a42c495d7e43514cc7794ba93e7.jpg,Pavilion. Пруд. Патрики,0.0,Мало отзывов,1,3200,Ресторан,"европейская,русская,авторская","гастрономические сеты,ресторан у воды"
https://www.restoclub.ru/msk/place/gvidon,47780,https://cdn.images.restoclub.ru/uploads/place_thumbnail_big/f/b/7/d/fb7d1ec838a68adb06250059905ec165.jpg,Гвидон,0.0,Мало отзывов,1,3000,Ресторан,"русская,европейская,авторская,французская,рыба и морепродукты",
https://www.restoclub.ru/msk/place/soho-country-club-1,37563,https://cdn.images.restoclub.ru/uploads/place_thumbnail_big/4/3/a/6/43a6bd74d6a147fb781896def6a81e08.jpg,Soho Country Club,8.0,Отлично,6,3000,Ресторан,"европейская,азиатская","за городом,детское меню,детская комната,бизнес-ланч,dj"
https://www.restoclub.ru/msk/place/arturs-teplohod,42793,https://cdn.images.restoclub.ru/uploads/place_thumbnail_big/c/6/8/6/c686ec5c241d10aa09505374bf2e1e4b.jpg,Теплоход «Артурс»,8.5,Отлично,4,3500,Банкетный зал,европейская,"панорамный вид,караоке,живая музыка,шоу-программа,dj"
https://www.restoclub.ru/msk/place/city-space,30508,https://cdn.images.restoclub.ru/uploads/place_thumbnail_big/f/7/3/4/f734942792804c7c6b69e967ed19721e.jpg,City Space bar,7.1,Хорошо,6,4200,Ресторан,"европейская,коктейли,суши,японская","панорамный вид,парковка"
https://www.restoclub.ru/msk/place/parisienne,30696,https://cdn.images.restoclub.ru/uploads/place/d/9/d/d/d9dd9bc5d388c9410bcfb7465c7347d6_w958_h835--big.jpg,Parisienne,7.6,Хорошо,6,3000,Ресторан,"европейская,французская,устрицы,крабы",
https://www.restoclub.ru/msk/place/the-sad,30918,https://cdn.images.restoclub.ru/uploads/place_thumbnail_big/1/4/f/d/14fd00f51c4e2f4c570b801a8b63d720.jpg,The сад,8.0,Отлично,6,3400,Ресторан,"испанская,смешанная,итальянская","детское меню,детская комната,живая музыка,кальян,доставка"
https://www.restoclub.ru/msk/place/nobu-1,36132,https://cdn.images.restoclub.ru/uploads/place_thumbnail_big/3/1/6/9/316954ecdde11aa576fb63dde79e8df3.jpg,Nobu,8.5,Отлично,2,3000,Ресторан,"азиатская,японская,суши","бизнес-ланч,парковка"
https://www.restoclub.ru/msk/place/semifreddo,30539,https://cdn.images.restoclub.ru/uploads/place_thumbnail_big/5/6/a/a/56aa09a5239d5a0db2f962145369fafc.jpg,Семифреддо,7.9,Хорошо,6,4500,Ресторан,"европейская,итальянская,рыба и морепродукты,устрицы",парковка
https://www.restoclub.ru/msk/place/salumeria,41024,https://cdn.images.restoclub.ru/uploads/place_thumbnail_big/1/f/1/7/1f174e68b0afc6063b84b5e88b423e61.jpg,Salumeria,8.3,Отлично,5,3000,Ресторан,"европейская,пицца,итальянская",
https://www.restoclub.ru/msk/place/the-waiters,38880,https://cdn.images.restoclub.ru/uploads/place_thumbnail_big/8/5/9/0/859007bf23484a7669e8bc0a6066a96a.jpg,The Waiters,8.1,Отлично,7,3200,Ресторан,европейская,"детское меню,шоу-программа,настольные игры,парковка"
https://www.restoclub.ru/msk/place/christian,30715,https://cdn.images.restoclub.ru/uploads/place_thumbnail_big/e/d/f/c/edfcb90a63f8cb218ca3608dff953cbf.jpg,Christian,8.1,Отлично,6,3300,Ресторан,авторская,"при отеле,завтрак,доставка,парковка"
https://www.restoclub.ru/msk/place/sokolinaja-ohota,31171,https://cdn.images.restoclub.ru/uploads/place_thumbnail_big/0/e/9/3/0e9319fc1e1d4a5a2171f73dfffd264b.jpg,Соколиная охота,8.7,Отлично,6,4000,Банкетный зал,"европейская,русская,восточная",
https://www.restoclub.ru/msk/place/vysota-57,41975,https://cdn.images.restoclub.ru/uploads/place_thumbnail_big/3/d/a/a/3daaeacc69c232b2bc19fddba70239cb.jpg,Vysota 57,6.1,Неплохо,20,3000,Кальянная,"европейская,смешанная,суши,коктейли","панорамный вид,кальян"
https://www.restoclub.ru/msk/place/kinki,30769,https://cdn.images.restoclub.ru/uploads/place_thumbnail_big/a/c/b/e/acbe210b6f1ea46b1ab147ec0e72fa1e.jpg,Kinki,8.6,Отлично,4,3500,Ресторан,"японская,суши","доставка,парковка"
https://www.restoclub.ru/msk/place/the-toy,43098,https://cdn.images.restoclub.ru/uploads/place_thumbnail_big/7/e/0/c/7e0cdc2282c7096c9623fa777d032499.jpg,The Toy,7.7,Хорошо,7,3700,Ресторан,"средиземноморская,европейская,рыба и морепродукты,коктейли","здесь танцуют,караоке,живая музыка,шоу-программа,кальян"
https://www.restoclub.ru/msk/place/belyj-bereg,41050,https://cdn.images.restoclub.ru/uploads/place_thumbnail_big/6/e/1/f/6e1f3417128a4b31f48fb52e68ebbeff.jpg,Белый берег,9.1,Идеально,5,3500,Ресторан,"смешанная,европейская,русская","при отеле,за городом,детское меню,dj,кальян"
https://www.restoclub.ru/msk/place/gosudar-1,33849,https://cdn.images.restoclub.ru/uploads/place_thumbnail_big/0/0/4/0/0040dcaf763cd0e2c58a68f37fd954cd.jpg,Государь,9.4,Идеально,4,3500,Банкетный зал,"европейская,смешанная,русская,кавказская",парковка
https://www.restoclub.ru/msk/place/megu,30677,https://cdn.images.restoclub.ru/uploads/place_thumbnail_big/8/f/a/0/8fa09b4a8a87c1a3244b6ec40d3d23f2.jpg,MEGUmi,9.0,Идеально,5,4500,Ресторан,"японская,суши,стейки","спортивные трансляции,парковка"
https://www.restoclub.ru/msk/place/banketnye-zaly-crowne-plaza-moscow-wtc,40772,https://cdn.images.restoclub.ru/uploads/place_thumbnail_big/3/8/f/0/38f0403db381a42b3c7403c3190b4820.jpg,Crowne Plaza Moscow WTC,9.7,Идеально,2,3500,Банкетный зал,"европейская,авторская,русская","при отеле,панорамный вид,бильярд,парковка"
https://www.restoclub.ru/msk/place/bujabes,30990,https://cdn.images.restoclub.ru/uploads/place_thumbnail_big/2/a/e/3/2ae3a8cfa2a739691d72094784dcf8dc.jpg,Буйабес,9.3,Идеально,5,4100,Ресторан,"средиземноморская,рыба и морепродукты,коктейли",кабинки
https://www.restoclub.ru/msk/place/ministerstvo,39741,https://cdn.images.restoclub.ru/uploads/place_thumbnail_big/4/f/c/2/4fc2ef92cbe79343161fb2ab160fa060.jpg,Ministerstvo,10,Идеально,5,4000,Кейтеринг,"европейская,смешанная",заказ кейтеринга
https://www.restoclub.ru/msk/place/cantinetta-antinori,30653,https://cdn.images.restoclub.ru/uploads/place_thumbnail_big/6/4/2/4/642466751d4656df9d9a54341eedeed2.jpg,Cantinetta Antinori,9.5,Идеально,4,3600,Ресторан,итальянская,"панорамный вид,парковка"
https://www.restoclub.ru/msk/place/cheval-blanc-1,37572,https://cdn.images.restoclub.ru/uploads/place_thumbnail_big/b/e/9/a/be9a04810bf86e162d69cc1da71c6022.jpg,Cheval Blanc,9.5,Идеально,6,3200,Ресторан,"европейская,авторская,русская,итальянская","за городом,шоу-программа,камин,парковка"
https://www.restoclub.ru/msk/place/banketnye-zaly-prezident-otelja,42775,https://cdn.images.restoclub.ru/uploads/place_thumbnail_big/f/0/9/3/f09343d9d230abccb528bdaa8468264f.jpg,Президент-Отель,10,Идеально,2,3600,Банкетный зал,"европейская,русская","при отеле,еда навынос,парковка"
https://www.restoclub.ru/msk/place/konservatorija,30707,https://cdn.images.restoclub.ru/uploads/place_thumbnail_big/d/b/3/b/db3be5b71ff7232618af5b0ab8a6ceac.jpg,Консерватория,9.0,Идеально,4,3500,Бар,"смешанная,итальянская,европейская,японская,суши",панорамный вид
https://www.restoclub.ru/msk/place/prichal-2,38282,https://cdn.images.restoclub.ru/uploads/place_thumbnail_big/3/1/f/1/31f1501b72f5570f85178429d3fbe013.jpg,Причал,8.1,Отлично,7,3000,Ресторан,"европейская,смешанная,устрицы,крабы","доставка,ресторан у воды"
https://www.restoclub.ru/msk/place/svetlyj,31178,https://cdn.images.restoclub.ru/uploads/place_thumbnail_big/2/2/4/4/2244ee89b27fcfda12e8b956f574712d.jpg,Светлый,9.3,Идеально,7,3000,Ресторан,"итальянская,европейская,смешанная,устрицы,крабы,авторская","панорамный вид,детское меню,караоке,бизнес-ланч,кальян"
https://www.restoclub.ru/msk/place/modus-restaurant,30567,https://cdn.images.restoclub.ru/uploads/place_thumbnail_big/2/7/6/1/276131cf65ed61a102551f46eec93c9c.jpg,Modus Restaurant,7.8,Хорошо,9,3000,Премиум-ресторан,"европейская,японская","живая музыка,бизнес-ланч,кальян,завтрак,доставка"
https://www.restoclub.ru/msk/place/la-bella-societa,37069,https://cdn.images.restoclub.ru/uploads/place_thumbnail_big/d/9/d/7/d9d70cabe83a374bf36f335ecb15ac7e.jpg,La bella società,9.6,Идеально,10,4500,Ресторан,"европейская,итальянская,пицца",парковка
https://www.restoclub.ru/msk/place/pushkin,30512,https://cdn.images.restoclub.ru/uploads/place_thumbnail_big/e/d/a/3/eda3294325034a5d9afce56cfcb22773.jpg,Кафе Пушкинъ,7.7,Хорошо,10,3000,Ресторан,русская,"детская комната,бизнес-ланч,завтрак,доставка,парковка"
https://www.restoclub.ru/msk/place/beluga-1,38925,https://cdn.images.restoclub.ru/uploads/place_thumbnail_big/1/6/0/8/1608f59e28244920fda77530950494cf.jpg,Белуга,8.3,Отлично,10,3500,Ресторан,"русская,вегетарианские блюда","при отеле,звезда Michelin,бизнес-ланч"
https://www.restoclub.ru/msk/place/zames-4,46906,https://cdn.images.restoclub.ru/uploads/place_thumbnail_big/3/c/2/f/3c2f2aebd3fc3fed6ad8f61daeec42f5.jpg,Замес,9.8,Идеально,9,3000,Лофт,"европейская,итальянская","доставка,кулинарные мастер-классы"
https://www.restoclub.ru/msk/place/buono,31181,https://cdn.images.restoclub.ru/uploads/place_thumbnail_big/3/3/e/3/33e31fec350013caaae9b444296edf0a.jpg,Buono,9.5,Идеально,12,5600,Ресторан,"рыба и морепродукты,устрицы,крабы,итальянская","бранч,панорамный вид,доставка,парковка"
https://www.restoclub.ru/msk/place/mario,31252,https://cdn.images.restoclub.ru/uploads/place_thumbnail_big/b/f/3/8/bf3828abc39c48824ae3024c4b3b09fb.jpg,Марио,9.5,Идеально,9,3000,Ресторан,"итальянская,пицца",камин
https://www.restoclub.ru/msk/place/burlesque,37764,https://cdn.images.restoclub.ru/uploads/place_thumbnail_big/1/6/c/c/16cce1bf95c0950822d83868880bc3f0.jpg,Burlesque,10,Идеально,17,3000,Клуб,"смешанная,коктейли","караоке,живая музыка,шоу-программа,стриптиз,кальян"
https://www.restoclub.ru/msk/place/nebo-lounge-bar,40086,https://cdn.images.restoclub.ru/uploads/place_thumbnail_big/6/6/0/b/660b3c02d359bf4bd95706aa8a480bb9.jpg,Nebo Lounge&Bar,8.4,Отлично,6,3000,Кальянная,"европейская,суши,бургеры","панорамный вид,шоу-программа,dj,кальян,кабинки"
https://www.restoclub.ru/msk/place/vision,44854,https://cdn.images.restoclub.ru/uploads/place_thumbnail_big/8/d/2/1/8d218dab6c21ef039ba6615d75a6b955.jpg,Vision,7.5,Хорошо,27,4000,Ресторан,"европейская,авторская,рыба и морепродукты","еда навынос,панорамный вид,dj,доставка"
https://www.restoclub.ru/msk/place/eleven-meathouse,44902,https://cdn.images.restoclub.ru/uploads/place_thumbnail_big/6/0/f/d/60fdca2a14f3a1e823b382bc3df88537.jpg,Eleven Meathouse,9.9,Идеально,9,3000,Ресторан,"восточная,стейки,турецкая","караоке,живая музыка,шоу-программа,dj,кальян"
https://www.restoclub.ru/msk/place/sixty,31103,https://cdn.images.restoclub.ru/uploads/place_thumbnail_big/d/a/d/7/dad712817fca8e91661d1334f195d8a4.jpg,Sixty,7.1,Хорошо,38,3300,Ресторан,"средиземноморская,европейская,итальянская,коктейли,устрицы",парковка
https://www.restoclub.ru/msk/place/turandot,30535,https://cdn.images.restoclub.ru/uploads/place_thumbnail_big/e/2/f/e/e2fe7caefaaec3e306f8ebf4af0ac5cd.jpg,Турандот,6.9,Неплохо,31,3400,Ресторан,"смешанная,азиатская,европейская","бранч,dj,доставка,кабинки,камин"
https://www.restoclub.ru/msk/place/mjata-lounge-sevastopolskaja,47422,https://cdn.images.restoclub.ru/uploads/place/6/5/2/6/6526c0021ffb35aef5e28e49769efd81_w958_h835--big.jpg,Мята Lounge Севастопольская,0.0,Мало отзывов,Добавить,3200,Кальянная,"европейская,восточная,азиатская,смешанная","кальян,спортивные трансляции"
https://www.restoclub.ru/msk/place/sahalin,42826,https://cdn.images.restoclub.ru/uploads/place_thumbnail_big/1/8/0/2/180271ff900452974f2c5779287e5349.jpg,Сахалин,8.0,Отлично,11,3500,Ресторан,"средиземноморская,рыба и морепродукты,японская","при отеле,еда навынос,звезда Michelin,панорамный вид,детское меню"
https://www.restoclub.ru/msk/place/savva,36203,https://cdn.images.restoclub.ru/uploads/place_thumbnail_big/2/6/e/2/26e2546f50ee6eb812ce04b21269ba90.jpg,Savva,8.1,Отлично,5,3000,Ресторан,"европейская,русская","звезда Michelin,живая музыка,парковка"
https://www.restoclub.ru/msk/place/tutto-bene,30943,https://cdn.images.restoclub.ru/uploads/place_thumbnail_big/4/2/c/b/42cb7971532776aff3a5ce0b1bea1561.jpg,Tutto Bene,8.3,Отлично,69,4400,Ресторан,"итальянская,европейская,рыба и морепродукты,устрицы,крабы","детское меню,живая музыка,бизнес-ланч,шоу-программа,кальян"
https://www.restoclub.ru/msk/place/white-rabbit,31113,https://cdn.images.restoclub.ru/uploads/place_thumbnail_big/5/e/2/1/5e211cad8e41ee2a7960f131d451a39b.jpg,White Rabbit,8.4,Отлично,25,3500,Ресторан,"европейская,авторская,вегетарианские блюда","звезда Michelin,еда навынос,панорамный вид,детское меню,камин"
https://www.restoclub.ru/msk/place/chef-amazonija,43384,https://cdn.images.restoclub.ru/uploads/place_thumbnail_big/e/6/9/a/e69a75b38dfb8d132bc8618a91dd8411.jpg,Шеф Амазония,9.2,Идеально,7,3000,Стейк-хаус,"восточная,стейки,коктейли,постное меню","караоке,живая музыка,бизнес-ланч,шоу-программа,кальян"
https://www.restoclub.ru/msk/place/led-1,46487,https://cdn.images.restoclub.ru/uploads/place_thumbnail_big/3/f/0/a/3f0aa18e1149b260da412313709c18d4.jpg,Лед,0.0,Мало отзывов,Добавить,3000,Банкетный зал,"смешанная,европейская,кавказская,азиатская,суши,шашлыки,японская,русская","сборный корпоратив,новогодний корпоратив"
https://www.restoclub.ru/msk/place/chef,33863,https://cdn.images.restoclub.ru/uploads/place_thumbnail_big/9/4/2/c/942c75f47609df403c5478f219eecf59.jpg,Chef,8.1,Отлично,13,4000,Стейк-хаус,"европейская,стейки,бургеры,американская,турецкая,постное меню","при отеле,панорамный вид,кальян,спортивные трансляции,парковка"
https://www.restoclub.ru/msk/place/granat-holl,45172,https://cdn.images.restoclub.ru/uploads/place_thumbnail_big/a/7/2/c/a72c9dcab91226f53a7d1c341b49ca4c.jpg,Гранат холл,0.0,Мало отзывов,1,4000,Банкетный зал,"европейская,русская,кавказская","новогодний корпоратив,сборный корпоратив,детская комната,живая музыка,dj"
https://www.restoclub.ru/msk/place/flotilija-rjedisson-rojal,34217,https://cdn.images.restoclub.ru/uploads/place/8/d/2/4/8d2467444743e6c112fcb95f4d5bac5b_w958_h835--big.jpg,Флотилия Radisson Royal,8.7,Отлично,4,3000,Ресторан,"европейская,русская","новогодний корпоратив,сборный корпоратив,детское меню,ресторан у воды,парковка"
https://www.restoclub.ru/msk/place/k11,45183,https://cdn.images.restoclub.ru/uploads/place_thumbnail_big/b/8/3/e/b83e53fd9e36190db3408230ed63bf34.jpg,К11,0.0,Мало отзывов,Добавить,3500,Клуб,"европейская,рыба и морепродукты,японская","новогодний корпоратив,караоке,dj,кабинки"
https://www.restoclub.ru/msk/place/vega,35055,https://cdn.images.restoclub.ru/uploads/place_thumbnail_big/3/2/5/e/325ef593225e6c4ba8b9baec3050e0c2.jpg,Вега,9.9,Идеально,10,3500,Ресторанный комплекс,"смешанная,европейская,русская","новогодний корпоратив,завтрак"
https://www.restoclub.ru/msk/place/river-palas,31242,https://cdn.images.restoclub.ru/uploads/place/f/1/e/c/f1ecd3a44db69d1720225e0c6305ea7b_w958_h835--big.jpg,River Palace,9.0,Идеально,11,4000,Ресторан,"европейская,смешанная,суши","новогодний корпоратив,сборный корпоратив,панорамный вид,ресторан у воды"
https://www.restoclub.ru/msk/place/cdl,31260,https://cdn.images.restoclub.ru/uploads/place_thumbnail_big/1/1/b/2/11b297f2ca78066fc19bcd8d42d02334.jpg,ЦДЛ,8.7,Отлично,11,3000,Ресторан,"авторская,русская","новогодний корпоратив,еда навынос,живая музыка,шоу-программа,бизнес-ланч"
https://www.restoclub.ru/msk/place/noev-kovcheg-1,30741,https://cdn.images.restoclub.ru/uploads/place/8/e/d/f/8edfdef166bb6333ce72414ca82650dc_w958_h835--big.jpg,Ноев ковчег,9.4,Идеально,21,3000,Ресторан,"кавказская,армянская,европейская","новогодний корпоратив,заказ кейтеринга,детское меню,детская комната,бизнес-ланч"
https://www.restoclub.ru/msk/place/atrium-6,40528,https://cdn.images.restoclub.ru/uploads/place_thumbnail_big/f/2/8/5/f28572d382d5756233db3bdc1e88b9af.jpg,Атриум,0.0,Мало отзывов,Добавить,3000,Банкетный зал,европейская,парковка
https://www.restoclub.ru/msk/place/assunta-madre,42493,https://cdn.images.restoclub.ru/uploads/place/6/7/0/a/670a8024e0add966b4442942db80876d_w958_h835--big.jpg,Assunta Madre,10,Идеально,12,4000,Ресторан,"итальянская,европейская,средиземноморская,рыба и морепродукты,устрицы,крабы,постное меню","новогодний корпоратив,живая музыка,шоу-программа,завтрак,парковка"
https://www.restoclub.ru/msk/place/atmosfera-loft,46370,https://cdn.images.restoclub.ru/uploads/place_thumbnail_big/a/f/2/3/af232cf75a9ddf6d579e6eef20821bf2.jpg,Атмосфера Loft,0.0,Мало отзывов,Добавить,3500,Банкетный зал,,парковка
https://www.restoclub.ru/msk/place/banketniye-zaly-gostinicy-arbat,43298,https://cdn.images.restoclub.ru/uploads/place_thumbnail_big/5/6/5/3/5653b1115ae215e71398b8f5a1b1f077.jpg,Арбат,0.0,Мало отзывов,Добавить,3600,Банкетный зал,"европейская,русская","при отеле,заказ кейтеринга,парковка"
https://www.restoclub.ru/msk/place/fire-lake,42891,https://cdn.images.restoclub.ru/uploads/place_thumbnail_big/f/7/2/0/f720b2b0e06cfdc47044737212c5c223.jpg,FireLake Grill House,0.0,Мало отзывов,Добавить,3100,Ресторан,"европейская,стейки,американская","при отеле,детское меню,детская комната,живая музыка,бизнес-ланч"
https://www.restoclub.ru/msk/place/aleksandrovskij-zal,43254,https://cdn.images.restoclub.ru/uploads/place_thumbnail_big/a/8/3/b/a83b4c96257459a9e480dae4c6117669.jpg,Александровский,0.0,Мало отзывов,Добавить,3000,Банкетный зал,европейская,"при отеле,шоу-программа,dj"
https://www.restoclub.ru/msk/place/triumph-event-hall,39303,https://cdn.images.restoclub.ru/uploads/place_thumbnail_big/f/b/e/3/fbe3438677fed3db9983115e1e32b8ea.jpg,Triumph Event Hall,0.0,Мало отзывов,Добавить,5000,Банкетный зал,"европейская,смешанная,кавказская,русская,вегетарианские блюда","шоу-программа,парковка"
https://www.restoclub.ru/msk/place/o2-lounge,31017,https://cdn.images.restoclub.ru/uploads/place_thumbnail_big/c/a/2/9/ca292a75697e14bc2647cf9dbf5601d4.jpg,O2 Lounge by Genesis,8.1,Отлично,5,3700,Ресторан,"азиатская,устрицы,суши,рыба и морепродукты,постное меню","день святого валентина,при отеле,еда навынос,панорамный вид,dj"
https://www.restoclub.ru/msk/place/rezolute,46806,https://cdn.images.restoclub.ru/uploads/place_thumbnail_big/5/b/b/6/5bb6c5be1feffb7e89342aecf7e87ed2.jpg,Rezolute,0.0,Мало отзывов,Добавить,3200,Ресторан,"авторская,европейская,средиземноморская",
https://www.restoclub.ru/msk/place/regent-by-rico,42422,https://cdn.images.restoclub.ru/uploads/place_thumbnail_big/7/c/c/b/7ccb6e3f4bedd08ef5ad27a26d7ba8a0.jpg,Regent by Rico,0.0,Мало отзывов,1,4000,Ресторан,"европейская,стейки,рыба и морепродукты",при отеле
https://www.restoclub.ru/msk/place/orion-hall,39626,https://cdn.images.restoclub.ru/uploads/place_thumbnail_big/0/0/7/7/0077d29afcf6679c4ec8fca6dc679b9d.jpg,Orion Hall,0.0,Мало отзывов,3,7500,Банкетный зал,"европейская,авторская",парковка
https://www.restoclub.ru/msk/place/butler,39893,https://cdn.images.restoclub.ru/uploads/place/4/2/e/2/42e22e1ae982ca3bec6fa9b5b17425fe_w958_h835--big.jpg,Butler,8.0,Отлично,8,4000,Ресторан,"итальянская,средиземноморская,авторская,европейская","новогодний корпоратив,бранч,детское меню,живая музыка,шоу-программа"
https://www.restoclub.ru/msk/place/mjata-lounge-lapino,47951,https://cdn.images.restoclub.ru/uploads/place_thumbnail_big/c/9/5/7/c9574dc04afbe9872164b28cd9d43d68.jpg,Мята Lounge Лапино,0.0,Мало отзывов,1,4700,Кальянная,европейская,"за городом,живая музыка,бизнес-ланч,dj,кальян"
https://www.restoclub.ru/msk/place/piazza-italiana-1,44907,https://cdn.images.restoclub.ru/uploads/place_thumbnail_big/d/b/f/1/dbf1a5de01fa1240383cf8e54929bfbf.jpg,Piazza Italiana,0.0,Мало отзывов,Добавить,5000,Ресторан,"европейская,итальянская","заказ кейтеринга,ресторан у воды"
https://www.restoclub.ru/msk/place/balzi-rossi,35666,https://cdn.images.restoclub.ru/uploads/place/3/d/8/3/3d83417c9ebb6d4f5e756ad4c94f7ef1_w958_h835--big.jpg,Balzi Rossi,9.1,Идеально,10,3000,Ресторан,"европейская,средиземноморская,итальянская,рыба и морепродукты,устрицы","новогодний корпоратив,еда навынос,день святого валентина,бранч,панорамный вид"
https://www.restoclub.ru/msk/place/moremjaso,41157,https://cdn.images.restoclub.ru/uploads/place_thumbnail_big/f/6/8/e/f68ef0d80deb9d9e650ae30822176b28.jpg,Моремясо,0.0,Мало отзывов,Добавить,3000,Ресторан,"европейская,средиземноморская,рыба и морепродукты,стейки","детское меню,живая музыка,dj,кальян,завтрак"
https://www.restoclub.ru/msk/place/nuar,45202,https://cdn.images.restoclub.ru/uploads/place_thumbnail_big/8/1/d/5/81d508ade88886371b024da0ac2bd6a9.jpg,Nuar,0.0,Мало отзывов,Добавить,3600,Клуб,"европейская,итальянская,суши,рыба и морепродукты,стейки","караоке,шоу-программа,dj,стриптиз,кальян"
https://www.restoclub.ru/msk/place/kosmos-3,46405,https://cdn.images.restoclub.ru/uploads/place_thumbnail_big/5/8/9/d/589d7aaa8dbe5a304b6bba4a86ec5e7e.jpg,Космос,0.0,Мало отзывов,Добавить,4000,Лофт,"европейская,смешанная",парковка
https://www.restoclub.ru/msk/place/elizaveta,43540,https://cdn.images.restoclub.ru/uploads/place_thumbnail_big/a/d/3/5/ad35b530095de80b5e143be67568112a.jpg,Елизавета,0.0,Мало отзывов,Добавить,3500,Банкетный зал,"европейская,кавказская",за городом
https://www.restoclub.ru/msk/place/dolce-loft,41302,https://cdn.images.restoclub.ru/uploads/place_thumbnail_big/7/2/9/5/7295e79eb169235a71dac3fa12b752a1.jpg,Dolce Loft,0.0,Мало отзывов,1,3500,Банкетный зал,смешанная,парковка
https://www.restoclub.ru/msk/place/divas,48608,https://cdn.images.restoclub.ru/uploads/place/e/f/3/7/ef37c67ed80277f378fda7da0f5027c9_w958_h835--big.jpg,Divas,0.0,Мало отзывов,Добавить,3600,Клуб,"европейская,азиатская,японская,коктейли,итальянская","караоке,живая музыка,dj"
https://www.restoclub.ru/msk/place/zhavoronki-event-hall,37864,https://cdn.images.restoclub.ru/uploads/place_thumbnail_big/d/9/d/b/d9db5b59733b63c8e8cca037370ae838.jpg,Zhavoronki Event Hall,0.0,Мало отзывов,Добавить,3000,Ресторанный комплекс,смешанная,"за городом,парковка"
https://www.restoclub.ru/msk/place/astorija-3,44387,https://cdn.images.restoclub.ru/uploads/place_thumbnail_big/2/b/8/f/2b8f1abf3d3b6589bc0028003dce8472.jpg,Астория,0.0,Мало отзывов,1,3000,Банкетный зал,"европейская,русская","панорамный вид,караоке,кальян"
https://www.restoclub.ru/msk/place/well-well,47243,https://cdn.images.restoclub.ru/uploads/place_thumbnail_big/8/1/0/d/810d7c638df43f166d99f449012032c2.jpg,Well Well,0.0,Мало отзывов,Добавить,3300,Гастробар,"европейская,азиатская,устрицы,коктейли,авторская","караоке,живая музыка"
https://www.restoclub.ru/msk/place/evropejskij-1,43539,https://cdn.images.restoclub.ru/uploads/place_thumbnail_big/6/7/a/4/67a4bb35ce539611381cb15f41704ef0.jpg,Европейский,0.0,Мало отзывов,Добавить,6600,Банкетный зал,"европейская,русская",
https://www.restoclub.ru/msk/place/aurora-mens-club,47276,https://cdn.images.restoclub.ru/uploads/place_thumbnail_big/5/0/a/b/50abe2c2418b4fbc277c15705fa69f9c.jpg,Aurora Men's Club,0.0,Мало отзывов,Добавить,3400,Клуб,азиатская,"караоке,dj,стриптиз"
https://www.restoclub.ru/msk/place/angels-mens-club,47275,https://cdn.images.restoclub.ru/uploads/place_thumbnail_big/6/4/a/b/64abed54ab14082452c07a23fb95c240.jpg,Angels Men's Club,0.0,Мало отзывов,Добавить,3000,Клуб,"европейская,итальянская,азиатская,пицца","караоке,стриптиз,кабинки,парковка"
https://www.restoclub.ru/msk/place/sartoria-lamberti,44452,https://cdn.images.restoclub.ru/uploads/place_thumbnail_big/9/7/0/9/9709fd106eb1a9f2c724a8c5adb6cec0.jpg,Sartoria Lamberti,0.0,Мало отзывов,2,3200,Ресторан,"европейская,итальянская",завтрак
https://www.restoclub.ru/msk/place/lesnoj-bereg,46379,https://cdn.images.restoclub.ru/uploads/place_thumbnail_big/e/9/8/a/e98a0e8ce58d3a45564ee6082e80129f.jpg,Лесной берег,9.8,Идеально,5,3500,Ресторанный комплекс,"европейская,смешанная","панорамный вид,камин,парковка"
https://www.restoclub.ru/msk/place/meat-coin-1,48595,https://cdn.images.restoclub.ru/uploads/place/0/0/d/4/00d4184823ed54eecf1ff0fa9e711adf_w958_h835--big.jpg,Meat Coin,0.0,Мало отзывов,Добавить,3600,Ресторан,"европейская,стейки,турецкая,американская",
https://www.restoclub.ru/msk/place/zolotoj-sazan,41182,https://cdn.images.restoclub.ru/uploads/place_thumbnail_big/d/2/4/0/d240fb5b74089944d420423c32f9b019.jpg,Золотой сазан,0.0,Мало отзывов,Добавить,3000,Ресторан,"смешанная,русская,европейская","при отеле,за городом,панорамный вид,детская комната,шоу-программа"
https://www.restoclub.ru/msk/place/palacco-dukale,30851,https://cdn.images.restoclub.ru/uploads/place_thumbnail_big/0/1/e/c/01ec96e86b21bdd4d5b480099ac41a85.jpg,Палаццо дукале,0.0,Мало отзывов,1,4500,Ресторан,"итальянская,пицца,стейки","живая музыка,спортивные трансляции,завтрак,камин,парковка"
